commodity,hs_code_comtrade,faostat_cpc,fbs_item_code,faostat_item,mapping_confidence,mapping_note
Airy crackers,190532,0111,S2511,Wheat,override,Crackers
Ajwain,090999,01699,S2645,Other stimulant; spice and aromatic crops; n.e.c.,override,
Alfalfa pellets,121400,,,,override,Alfalfa (forage)
Alive mussels,030731,,S2767,"Molluscs, Other",override,Live mussels
Almond cookies,190531,0111,S2511,Wheat,override,Cookies
Almond meal,120799,,S2570,"Oilcrops, Other",override,"Heterogeneous (almond meal, pine nuts)"
Almonds,080212,01371,S2912,Almonds; in shell,override,
Amarettini biscuits,190531,0111,S2511,Wheat,override,Cookies
Animal feed,230990,,,,override,Mixed animal feed
Animal feed (maize),230990,,,,override,Mixed animal feed
Apple pomace,230800,01341,,Apples,override,Apple pomace
Apple pomace (feed),230800,01341,,Apples,override,Apple pomace
Aquaculture shrimps,030617,,S2765,Crustaceans,override,Other shrimps
Arborio rice,100630,0113,S2807,Rice,override,Milled rice
Atlantic squid,030741,,S2766,Cephalopods,override,Live/fresh squid
Avena nuda (naked oats),100400,0117,S2516,Oats,override,
Baby biscuits,190531,0111,S2511,Wheat,override,Cookies
Baby clams,030771,,S2767,"Molluscs, Other",override,Live clams
Baby food,190110,,,,override,Heterogeneous baby food
Baby octopus,030751,,S2766,Cephalopods,override,Live octopus
Bagels,190590,0111,S2511,Wheat,override,Other bakery
Baked goods,190590,0111,S2511,Wheat,override,Other bakery
Bakery mix,190110,,,,override,Heterogeneous baby food
Bakery product,190590,0111,S2511,Wheat,override,Other bakery
Bakery products,190590,0111,S2511,Wheat,override,Other bakery
Banana flour,110819,,,,override,Heterogeneous starches
Barley,100300,0115,S2513,Barley,override,
Barley flour,110290,F1717,S2520,Cereals; primary,override,Other cereal flour proxy
Barley grass powder,121190,,,,override,Herbal powders
Barley malt syrup,170260,0115,S2513,Barley,override,Barley malt syrup
Basmati brown rice,100620,0113,S2807,Rice,override,Husked rice
Basmati brown rice (husked rice),100620,0113,S2807,Rice,override,Husked rice
Basmati rice,100630,0113,S2807,Rice,override,Milled rice
Basmati white rice,100630,0113,S2807,Rice,override,Milled rice
Bearded horse mussel (Modiolus barbatus),030731,,S2767,"Molluscs, Other",override,Live mussels
Belgian Brussels waffles,190530,0111,S2511,Wheat,override,Sweet biscuits
Belgian pancakes,190590,0111,S2511,Wheat,override,Other bakery
Bio corn grains,100590,0112,S2514,Maize (corn),override,Other maize
Biscuits,190531,0111,S2511,Wheat,override,Cookies
Biscuits (corn-based),190531,0111,S2511,Wheat,override,Cookies
Biscuits with cream filling,190531,0111,S2511,Wheat,override,Cookies
Bivalve molluscs (Paphia undulata),030771,,S2767,"Molluscs, Other",override,Live clams
Black sesame seeds,120740,01444,S2561,Sesame seed,override,
Black tiger shrimp,030617,,S2765,Crustaceans,override,Other shrimps
Black tiger shrimps,030617,,S2765,Crustaceans,override,Other shrimps
Blanched groundnut kernels,120242,0142,S2552,Groundnuts; excluding shelled,override,
Blue Moon frozen shrimp,030617,,S2765,Crustaceans,override,Other shrimps
Blue mussels,030731,,S2767,"Molluscs, Other",override,Live mussels
Blue mussels (Mytilus edulis),030731,,S2767,"Molluscs, Other",override,Live mussels
Bottled spring water,220110,,,,override,Bottled water
Bouchot mussels,030731,,S2767,"Molluscs, Other",override,Live mussels
Bread mix,190110,,,,override,Heterogeneous baby food
Bread with sesame seeds,190510,0111,S2511,Wheat,override,Crispbread
Breakfast cereals,190410,F1717,S2520,Cereals; primary,override,Breakfast cereals
Brewer's grain,230300,0115,S2513,Barley,override,Brewer's grain (barley residue)
Brewer's spent grain,230300,0115,S2513,Barley,override,Brewer's grain (barley residue)
Broken jasmine rice,100640,0113,S2807,Rice,override,Broken rice
Brown basmati rice,100620,0113,S2807,Rice,override,Husked rice
Brown basmati rice (Pusa),100620,0113,S2807,Rice,override,Husked rice
Brown broken rice,100640,0113,S2807,Rice,override,Broken rice
Brown rice,100620,0113,S2807,Rice,override,Husked rice
Buckwheat flour,110290,F1717,S2520,Cereals; primary,override,Other cereal flour proxy
Bulgur,110311,0111,S2511,Wheat,override,Bulgur/freekeh
Bulk corn,100590,0112,S2514,Maize (corn),override,Other maize
Calcium carbonate,283650,,,,override,Calcium carbonate
Calcium stearate,291570,,,,override,Calcium stearate (chemical)
Cannabis Cookies and Brownies,190531,0111,S2511,Wheat,override,Cookies
Canned cockles,160559,,S2767,"Molluscs, Other",override,Other mollusks prepared
Capsicum oleoresin,130219,,,,override,Plant extracts (heterogeneous)
Carnaroli rice,100630,0113,S2807,Rice,override,Milled rice
Carob flour,121210,01356,,Locust beans (carobs),override,
Cassava crackers,190532,0111,S2511,Wheat,override,Crackers
Cassava flour,110814,01520.01,,Cassava; fresh,override,Cassava starch
Category 3 animal by-products,051199,,,,override,Animal by-products non-food
Cañadilla (Bolinus brandaris),030791,,S2767,"Molluscs, Other",override,Live snails (marine)
Cereal,190490,F1717,S2520,Cereals; primary,override,Cereal bars
Cereal (biscuit flavour),190410,F1717,S2520,Cereals; primary,override,Breakfast cereals
Cereal bars,190490,F1717,S2520,Cereals; primary,override,Cereal bars
Cereal-based baby food,190110,,,,override,Heterogeneous baby food
Cereal-based foods for infants,190110,,,,override,Heterogeneous baby food
Cereal-based foods for infants and young children,190110,,,,override,Heterogeneous baby food
Chicken by-products,021199,21121,S2734,Meat of chickens; fresh or chilled,override,Chicken by-products
Children's fruit-oat bar,190490,F1717,S2520,Cereals; primary,override,Cereal bars
Chilled mussels,030731,,S2767,"Molluscs, Other",override,Live mussels
Chilled oysters,030711,,S2767,"Molluscs, Other",override,Live oysters
Chilled shortfin squid (Illex illecebrosus),030741,,S2766,Cephalopods,override,Live/fresh squid
Chirlas,030771,,S2767,"Molluscs, Other",override,Live clams
Chitin,350490,,,,override,Chitin
Chocolate cake,190590,0111,S2511,Wheat,override,Other bakery
Chocolate chip cookies,190531,0111,S2511,Wheat,override,Cookies
Chocolate pancakes,190590,0111,S2511,Wheat,override,Other bakery
Choline chloride,292369,,,,override,Choline chloride (additive)
Chopped crab,160510,,S2765,Crustaceans,override,Crab prepared
clam,030771,,S2767,"Molluscs, Other",override,Live clams
Clam meat,030771,,S2767,"Molluscs, Other",override,Live clams
Clams,030771,,S2767,"Molluscs, Other",override,Live clams
Clams (Camelea gallina),030771,,S2767,"Molluscs, Other",override,Live clams
Clams (Chamelea gallina),030771,,S2767,"Molluscs, Other",override,Live clams
Clams (chirlas),030771,,S2767,"Molluscs, Other",override,Live clams
Clams (Ruditapes philippinarum),030771,,S2767,"Molluscs, Other",override,Live clams
Clams (Tapes decussatus),030771,,S2767,"Molluscs, Other",override,Live clams
Cleaned calamari (Doryteuthis gahi),030741,,S2766,Cephalopods,override,Live/fresh squid
Clover seeds,120921,,,,override,Clover seeds (sowing)
Cockle,030771,,S2767,"Molluscs, Other",override,Live clams
Cockles,030771,,S2767,"Molluscs, Other",override,Live clams
Cockles (Cerastoderma edule),030771,,S2767,"Molluscs, Other",override,Live clams
Common mussels,030731,,S2767,"Molluscs, Other",override,Live mussels
Complementary compound feed (lambs),230990,,,,override,Mixed animal feed
Complementary feed,230990,,,,override,Mixed animal feed
Complementary feed for dogs,230910,,,,override,Pet food
Complementary feed for pigs,230990,,,,override,Mixed animal feed
Complete feed,230990,,,,override,Mixed animal feed
Complete feed for dogs,230910,,,,override,Pet food
Complete feedingstuffs for laying hens,230990,,,,override,Mixed animal feed
Compound feed,230990,,,,override,Mixed animal feed
Compound feed (bovine lung),230990,,,,override,Mixed animal feed
Compound feed (ovine),230990,,,,override,Mixed animal feed
Concave oysters,030711,,S2767,"Molluscs, Other",override,Live oysters
Concave oysters (Crassostrea gigas),030711,,S2767,"Molluscs, Other",override,Live oysters
Cooked bivalve molluscs (Paphia textile),030779,,S2767,"Molluscs, Other",override,Other aquatic invertebrates
Cooked frozen shrimps,160521,,S2765,Crustaceans,override,Shrimps prepared
Cooked mussel meat,030732,,S2767,"Molluscs, Other",override,Frozen/preserved mussels
Cooked prawns,160521,,S2765,Crustaceans,override,Shrimps prepared
Cooked shrimp in seasoned oil,160521,,S2765,Crustaceans,override,Shrimps prepared
Cooked tropical shrimps,160521,,S2765,Crustaceans,override,Shrimps prepared
Cooked unpeeled shrimp,160521,,S2765,Crustaceans,override,Shrimps prepared
Cookies,190531,0111,S2511,Wheat,override,Cookies
Coquinas,030771,,S2767,"Molluscs, Other",override,Live clams
Coquinas (Donax spp),030771,,S2767,"Molluscs, Other",override,Live clams
Corn,100590,0112,S2514,Maize (corn),override,Other maize
Corn (for popcorn),100590,0112,S2514,Maize (corn),override,Other maize
Corn (popcorn),100590,0112,S2514,Maize (corn),override,Other maize
Corn and cassava flour mixture,110220,0112,S2514,Maize (corn),override,Maize flour
Corn flour,110220,0112,S2514,Maize (corn),override,Maize flour
Corn flour; cornbread,110220,0112,S2514,Maize (corn),override,Maize flour
Corn germ product,110319,F1717,S2520,Cereals; primary,override,Other cereal groats
Corn grits,110313,0112,S2514,Maize (corn),override,Maize groats
Corn oil,151521,21691.02,S2582,Maize Germ Oil,override,Corn oil
Corn snack,190490,F1717,S2520,Cereals; primary,override,Cereal bars
Corn snacks,190490,F1717,S2520,Cereals; primary,override,Cereal bars
Cotton meal,230500,,,,override,Mixed oilseed meals
Crab,030614,,S2765,Crustaceans,override,Crab
Crackers,190532,0111,S2511,Wheat,override,Crackers
Crayfish,030613,,S2765,Crustaceans,override,Crayfish
Cream wafers (hazelnut),190533,0111,S2511,Wheat,override,Wafers
Crispbread,190510,0111,S2511,Wheat,override,Crispbread
Crispy extruded flatbread,190590,0111,S2511,Wheat,override,Other bakery
Crushed peanut kernels,120242,0142,S2552,Groundnuts; excluding shelled,override,
Cupped oyster (Magallana gigas),030711,,S2767,"Molluscs, Other",override,Live oysters
Cupped oysters,030711,,S2767,"Molluscs, Other",override,Live oysters
Curcuma macerate,091030,01699,S2645,Other stimulant; spice and aromatic crops; n.e.c.,override,Turmeric
Cuttlefish,030741,,S2766,Cephalopods,override,Live/fresh squid
Cuttlefish (Sepia aculeata),030741,,S2766,Cephalopods,override,Live/fresh squid
Dairy cattle feed,230990,,,,override,Mixed animal feed
Dark teff flour,110290,F1717,S2520,Cereals; primary,override,Other cereal flour proxy
Deer skin,410510,,,,override,Animal hide / leather
Defrosted squid,030743,,S2766,Cephalopods,override,Frozen squid
Deodestillate,151690,,,,override,Hydrogenated/processed fats
Dicalcium phosphate dihydrate (feed),283525,,,,override,Dicalcium phosphate (feed additive)
Dog chews,230910,,,,override,Pet food
Dog Chews,230910,,,,override,Pet food
Dog chews (lamb ear),050400,,,,override,Animal guts (treats for dogs)
Dog food,230910,,,,override,Pet food
Dried alfalfa,121400,,,,override,Alfalfa (forage)
Dried apple pomace,230800,01341,,Apples,override,Apple pomace
Dried apple pulp,230800,01341,,Apples,override,Apple pomace
Dried beef larynx treats for dogs,050400,,,,override,Animal guts (treats for dogs)
Dried beet pulp,230800,01341,,Apples,override,Apple pomace
Dried chews,230910,,,,override,Pet food
Dried millet,100820,0118,S2517,Millet,override,
Dried pearl barley,110313,0112,S2514,Maize (corn),override,Maize groats
Dried pig intestines (dog feed),050400,,,,override,Animal guts (treats for dogs)
Dried shrimps,030539,,S2765,Crustaceans,override,Dried/smoked shrimps
Duck by-products (pet food),230110,,,,override,Animal meal (pet food)
Durum wheat,100110,0111,S2511,Wheat,override,Durum wheat
Durum wheat (freekeh),100110,0111,S2511,Wheat,override,Durum wheat
Durum wheat flour,110100,0111,S2511,Wheat,override,Wheat flour proxy
Eggshell powder,050800,,,,override,Coral / shells - non-food
Erdnusskernen,120242,0142,S2552,Groundnuts; excluding shelled,override,
Ergänzungsfuttermittel,230990,,,,override,Mixed animal feed
Feather meal,230120,,S2766,Cephalopods,override,Fish meal proxy
Feed additive,230990,,,,override,Mixed animal feed
Feed additive (hydroxyvitamin D3),293690,,,,override,Vitamin D3 (additive)
Feed corn,100590,0112,S2514,Maize (corn),override,Other maize
Feed for dogs,230910,,,,override,Pet food
Feed for laying hens,230990,,,,override,Mixed animal feed
Feed for poultry,230990,,,,override,Mixed animal feed
Feed material,230990,,,,override,Mixed animal feed
Feed mix,230990,,,,override,Mixed animal feed
Feed yeast,210210,,,,override,Yeast (microbial)
Fenugreek extract,130219,,,,override,Plant extracts (heterogeneous)
Fenugreek powder,090999,01699,S2645,Other stimulant; spice and aromatic crops; n.e.c.,override,
Fenugreek seed powder,090999,01699,S2645,Other stimulant; spice and aromatic crops; n.e.c.,override,
Fermented rice powder,110230,0113,S2807,Rice,override,Rice flour
Fig-date-orange chocolate cake,190590,0111,S2511,Wheat,override,Other bakery
Fish feed,230990,,,,override,Mixed animal feed
Fish flour,230120,,S2766,Cephalopods,override,Fish meal proxy
Fish meal,230120,,S2766,Cephalopods,override,Fish meal proxy
Fishmeal,230120,,S2766,Cephalopods,override,Fish meal proxy
Flaked torrefied oats,110430,0117,S2516,Oats,override,Oat flakes (rolled)
Flax seeds,120510,01441,S2570,Linseed,override,Note: legacy label says flax but HS 1205 is rape; using linseed as FAOSTAT closest
Flax shives / flaxseed,120510,01441,S2570,Linseed,override,Note: legacy label says flax but HS 1205 is rape; using linseed as FAOSTAT closest
Flaxseed,120510,01441,S2570,Linseed,override,Note: legacy label says flax but HS 1205 is rape; using linseed as FAOSTAT closest
Flour,110100,0111,S2511,Wheat,override,Wheat flour proxy
Flour (bakery products),110100,0111,S2511,Wheat,override,Wheat flour proxy
Flour mixes with sesame seeds,190110,,,,override,Heterogeneous baby food
Focaccia bread,190510,0111,S2511,Wheat,override,Crispbread
Fodder grain corn,100590,0112,S2514,Maize (corn),override,Other maize
Fodder yeast,210210,,,,override,Yeast (microbial)
Food samples (unspecified),999999,,,,override,Unspecified
Food supplement,210690,,,,override,Heterogeneous food supplements
Freekeh,110311,0111,S2511,Wheat,override,Bulgur/freekeh
Freeze-dried broiler hearts,020719,21121,S2734,Meat of chickens; fresh or chilled,override,
Fresh crabs,030614,,S2765,Crustaceans,override,Crab
Fresh mussels,030731,,S2767,"Molluscs, Other",override,Live mussels
Frozen aquaculture shrimp,030617,,S2765,Crustaceans,override,Other shrimps
Frozen aquaculture shrimps,030617,,S2765,Crustaceans,override,Other shrimps
Frozen bakery product,190590,0111,S2511,Wheat,override,Other bakery
Frozen bakery products,190590,0111,S2511,Wheat,override,Other bakery
Frozen black tiger prawns,030617,,S2765,Crustaceans,override,Other shrimps
Frozen calamari from Thailand,030743,,S2766,Cephalopods,override,Frozen squid
Frozen cephalopods (octopus membranaceus),030752,,S2766,Cephalopods,override,Frozen octopus
Frozen cooked bivalve molluscs (Paphia textile),030772,,S2767,"Molluscs, Other",override,Frozen/preserved clams
Frozen cooked Indian squid from Thailand,030743,,S2766,Cephalopods,override,Frozen squid
Frozen cooked mussels,030732,,S2767,"Molluscs, Other",override,Frozen/preserved mussels
Frozen crabs,030624,,S2765,Crustaceans,override,Frozen crabs
Frozen crayfish,030623,,S2765,Crustaceans,override,Frozen crayfish
Frozen crayfish (Procambarus clarkii),030623,,S2765,Crustaceans,override,Frozen crayfish
Frozen cuttlefish,030743,,S2766,Cephalopods,override,Frozen squid
Frozen cuttlefish (Sepia pharaonis),030743,,S2766,Cephalopods,override,Frozen squid
Frozen cuttlefish (Sepiella japonica),030743,,S2766,Cephalopods,override,Frozen squid
Frozen entire squid (Loligo duvauceli),030743,,S2766,Cephalopods,override,Frozen squid
Frozen feed material for pets,230910,,,,override,Pet food
Frozen giant shrimp tails (Penaeus monodon),030617,,S2765,Crustaceans,override,Other shrimps
Frozen Indian squid tentacles (Uroteuthis duvaucelii),030743,,S2766,Cephalopods,override,Frozen squid
Frozen Indo-Pacific squid tentacles,030743,,S2766,Cephalopods,override,Frozen squid
Frozen mussels,030732,,S2767,"Molluscs, Other",override,Frozen/preserved mussels
Frozen octopus,030752,,S2766,Cephalopods,override,Frozen octopus
Frozen octopus (Octopus membranaceus),030752,,S2766,Cephalopods,override,Frozen octopus
Frozen oysters,030712,,S2767,"Molluscs, Other",override,Frozen/preserved oysters
Frozen pasteurized wedge clams (Donax trunculus),030772,,S2767,"Molluscs, Other",override,Frozen/preserved clams
Frozen peeled shrimp,030617,,S2765,Crustaceans,override,Other shrimps
Frozen peeled shrimps,030617,,S2765,Crustaceans,override,Other shrimps
Frozen pet food for dogs,230910,,,,override,Pet food
Frozen prawns,030617,,S2765,Crustaceans,override,Other shrimps
Frozen prawns (Litopenaeus vannamei),030617,,S2765,Crustaceans,override,Other shrimps
Frozen pre-cooked mussels,030732,,S2767,"Molluscs, Other",override,Frozen/preserved mussels
Frozen precooked mussels,030732,,S2767,"Molluscs, Other",override,Frozen/preserved mussels
Frozen raw edible heart pulp (Cerastoderma),030772,,S2767,"Molluscs, Other",override,Frozen/preserved clams
Frozen raw headless shell-on shrimps (Penaeus vannamei),030617,,S2765,Crustaceans,override,Other shrimps
Frozen raw peeled shrimp tails,030617,,S2765,Crustaceans,override,Other shrimps
Frozen raw shrimp,030617,,S2765,Crustaceans,override,Other shrimps
Frozen raw shrimps,030617,,S2765,Crustaceans,override,Other shrimps
Frozen raw vannamei shrimp,030617,,S2765,Crustaceans,override,Other shrimps
Frozen raw vannamei shrimps,030617,,S2765,Crustaceans,override,Other shrimps
Frozen raw white shrimps (Penaeus vannamei),030617,,S2765,Crustaceans,override,Other shrimps
Frozen raw whiteleg shrimp tails,030617,,S2765,Crustaceans,override,Other shrimps
Frozen raw whole shrimps,030617,,S2765,Crustaceans,override,Other shrimps
Frozen scallops,030722,,S2767,"Molluscs, Other",override,Frozen scallops
Frozen sea cicada,030624,,S2765,Crustaceans,override,Frozen crabs
Frozen seafood mix,030799,,S2767,"Molluscs, Other",override,Mixed seafood
Frozen shrimp,030617,,S2765,Crustaceans,override,Other shrimps
Frozen shrimp (raw),030617,,S2765,Crustaceans,override,Other shrimps
Frozen shrimp skewers,160521,,S2765,Crustaceans,override,Shrimps prepared
Frozen shrimps,030617,,S2765,Crustaceans,override,Other shrimps
Frozen squid,030743,,S2766,Cephalopods,override,Frozen squid
Frozen squid (Loligo edulis),030743,,S2766,Cephalopods,override,Frozen squid
Frozen squid (Loligo sp.),030743,,S2766,Cephalopods,override,Frozen squid
Frozen squid tentacles,030743,,S2766,Cephalopods,override,Frozen squid
Frozen squid whole cleaned,030743,,S2766,Cephalopods,override,Frozen squid
Frozen squids,030743,,S2766,Cephalopods,override,Frozen squid
Frozen strawberry cream sponges,190590,0111,S2511,Wheat,override,Other bakery
Frozen stuffed mussels (Mytilus galloprovincialis),030732,,S2767,"Molluscs, Other",override,Frozen/preserved mussels
Frozen supplementary feed for pets,230910,,,,override,Pet food
Frozen tuna (for feed),030239,,S2763,Pelagic Fish,override,Tuna
Frozen walnut bread,190510,0111,S2511,Wheat,override,Crispbread
Frozen wantan dough,190590,0111,S2511,Wheat,override,Other bakery
Frozen white shrimp,030617,,S2765,Crustaceans,override,Other shrimps
Frozen whiteleg shrimps,030617,,S2765,Crustaceans,override,Other shrimps
Frozen whole cleaned baby octopus (Octopus membranaceus),030752,,S2766,Cephalopods,override,Frozen octopus
Frozen whole cleaned cuttlefish,030743,,S2766,Cephalopods,override,Frozen squid
Frozen whole cleaned squids,030743,,S2766,Cephalopods,override,Frozen squid
Frozen whole cuttlefish,030743,,S2766,Cephalopods,override,Frozen squid
Frozen whole giant tiger shrimps (Penaeus monodon),030617,,S2765,Crustaceans,override,Other shrimps
Frozen whole Indian squids (Uroteuthis duvaucelii),030743,,S2766,Cephalopods,override,Frozen squid
Frozen whole raw shrimps,030617,,S2765,Crustaceans,override,Other shrimps
Frozen whole round cuttlefish (Sepia pharaonis),030743,,S2766,Cephalopods,override,Frozen squid
Frozen whole squid,030743,,S2766,Cephalopods,override,Frozen squid
Frozen wild prawns,030617,,S2765,Crustaceans,override,Other shrimps
Frozen yellow clam meat (cooked),030772,,S2767,"Molluscs, Other",override,Frozen/preserved clams
Gluten-free chocolate cookies,190531,0111,S2511,Wheat,override,Cookies
Gluten-free macaroni,190219,0111,S2511,Wheat,override,Pasta
Gluten-free mix,190110,,,,override,Heterogeneous baby food
Golden flax seeds,120510,01441,S2570,Linseed,override,Note: legacy label says flax but HS 1205 is rape; using linseed as FAOSTAT closest
Golden sun basmati rice,100630,0113,S2807,Rice,override,Milled rice
Granulated brewer's grain,230300,0115,S2513,Barley,override,Brewer's grain (barley residue)
Green-lipped mussels,030731,,S2767,"Molluscs, Other",override,Live mussels
Grey shrimp,030616,,S2765,Crustaceans,override,Cold-water shrimps
Ground nuts (feed),120242,0142,S2552,Groundnuts; excluding shelled,override,
Groundnut kernels,120242,0142,S2552,Groundnuts; excluding shelled,override,
groundnut kernels,120242,0142,S2552,Groundnuts; excluding shelled,override,
Groundnut kernels for birdfeed,120242,0142,S2552,Groundnuts; excluding shelled,override,
Groundnuts,120242,0142,S2552,Groundnuts; excluding shelled,override,
Groundnuts for bird feed,120242,0142,S2552,Groundnuts; excluding shelled,override,
half-shell mussels,030731,,S2767,"Molluscs, Other",override,Live mussels
Hay,121300,,,,override,Hay (forage)
Heat treated frozen mussels,030732,,S2767,"Molluscs, Other",override,Frozen/preserved mussels
Hemoglobin meal,350190,,,,override,Hemoglobin meal (animal protein)
Hot mixture,190590,0111,S2511,Wheat,override,Other bakery
Hulled millet grains,100820,0118,S2517,Millet,override,
Hulled sesame seeds,120740,01444,S2561,Sesame seed,override,
Husked brown rice,100620,0113,S2807,Rice,override,Husked rice
Husked rice,100620,0113,S2807,Rice,override,Husked rice
Hydrolysed barley,110290,F1717,S2520,Cereals; primary,override,Other cereal flour proxy
Indian groundnuts,120242,0142,S2552,Groundnuts; excluding shelled,override,
Indian rice,100630,0113,S2807,Rice,override,Milled rice
IQF frozen cleaned Indo-Pacific squid,030743,,S2766,Cephalopods,override,Frozen squid
IQF frozen lightly cooked prawn tails,160521,,S2765,Crustaceans,override,Shrimps prepared
Japanese clam,030771,,S2767,"Molluscs, Other",override,Live clams
Japanese clam (Ruditapes philippinarum),030771,,S2767,"Molluscs, Other",override,Live clams
Japanese clams,030771,,S2767,"Molluscs, Other",override,Live clams
Japanese oysters (Crassostrea gigas),030711,,S2767,"Molluscs, Other",override,Live oysters
Kaolin clay,250700,,,,override,Kaolin clay (non-food)
King scallops,030721,,S2767,"Molluscs, Other",override,Live scallops
Lamb head skin (feed material),051299,,,,override,Animal by-products non-food
Lemon biscuits,190531,0111,S2511,Wheat,override,Cookies
Leonardite,271400,,,,override,Leonardite (non-food)
Lin expeller (feed),230500,,,,override,Mixed oilseed meals
Linseed,120510,01441,S2570,Linseed,override,Note: legacy label says flax but HS 1205 is rape; using linseed as FAOSTAT closest
Linseed expeller meal,230500,,,,override,Mixed oilseed meals
Liquorice powder,121120,,,,override,Liquorice (extract)
Live bivalve molluscs,030771,,S2767,"Molluscs, Other",override,Live clams
Live bivalve molluscs (Cerastoderma edule),030771,,S2767,"Molluscs, Other",override,Live clams
Live bivalve molluscs (Ruditapes decussatus),030771,,S2767,"Molluscs, Other",override,Live clams
Live bouchot mussels,030731,,S2767,"Molluscs, Other",override,Live mussels
Live clams,030771,,S2767,"Molluscs, Other",override,Live clams
Live clams (Chamelea gallina),030771,,S2767,"Molluscs, Other",override,Live clams
Live clams (Mytilus gallorpovincialis),030771,,S2767,"Molluscs, Other",override,Live clams
Live clams (Ruditapes philippinarum),030771,,S2767,"Molluscs, Other",override,Live clams
Live clams (vongole),030771,,S2767,"Molluscs, Other",override,Live clams
Live cockles,030771,,S2767,"Molluscs, Other",override,Live clams
Live cockles (Cerastoderma edule),030771,,S2767,"Molluscs, Other",override,Live clams
Live crab,030614,,S2765,Crustaceans,override,Crab
Live Japanese clams,030771,,S2767,"Molluscs, Other",override,Live clams
Live Mediterranean mussels (Mytilus galloprovincialis),030731,,S2767,"Molluscs, Other",override,Live mussels
Live murex snails (Bolinus brandaris),030791,,S2767,"Molluscs, Other",override,Live snails (marine)
Live mussels,030731,,S2767,"Molluscs, Other",override,Live mussels
Live mussels (Mytilus edulis),030731,,S2767,"Molluscs, Other",override,Live mussels
Live mussels (Mytilus edulys),030731,,S2767,"Molluscs, Other",override,Live mussels
Live mussels (Mytilus galloprovincialis),030731,,S2767,"Molluscs, Other",override,Live mussels
Live mussels (Mytulis galloprovincialis),030731,,S2767,"Molluscs, Other",override,Live mussels
Live oysters,030711,,S2767,"Molluscs, Other",override,Live oysters
Live oysters (Crassostrea gigas),030711,,S2767,"Molluscs, Other",override,Live oysters
Live oysters (Magallana gigas),030711,,S2767,"Molluscs, Other",override,Live oysters
Live Pacific oysters (Magallana gigas),030711,,S2767,"Molluscs, Other",override,Live oysters
Live slipper clam (Venerupis corrugata),030771,,S2767,"Molluscs, Other",override,Live clams
Live spiny dye-murex (Bolinus brandaris),030791,,S2767,"Molluscs, Other",override,Live snails (marine)
Live tellines (Donax trunculus),030771,,S2767,"Molluscs, Other",override,Live clams
Lobster,030612,,S2765,Crustaceans,override,Lobster
Lobster (Homarus americanus),030612,,S2765,Crustaceans,override,Lobster
Lobsters (Homarus gammarus),030612,,S2765,Crustaceans,override,Lobster
Loligo patagonica,030741,,S2766,Cephalopods,override,Live/fresh squid
Long grain brown rice,100620,0113,S2807,Rice,override,Husked rice
Macaroons,190531,0111,S2511,Wheat,override,Cookies
Magnesium oxide,281030,,,,override,Magnesium oxide (chemical)
Maize,100590,0112,S2514,Maize (corn),override,Other maize
Maize (feed),100590,0112,S2514,Maize (corn),override,Other maize
Maize (grain) feed,100590,0112,S2514,Maize (corn),override,Other maize
Maize flour,110220,0112,S2514,Maize (corn),override,Maize flour
Maize for popcorn,100590,0112,S2514,Maize (corn),override,Other maize
Maize gluten feed,230310,0112,S2514,Maize (corn),override,Maize gluten feed
Maize product,110319,F1717,S2520,Cereals; primary,override,Other cereal groats
Malt sprouts,230300,0115,S2513,Barley,override,Brewer's grain (barley residue)
Manganese oxide,282090,,,,override,Manganese oxide (chemical)
Manila clams,030771,,S2767,"Molluscs, Other",override,Live clams
Marinated prawn skewers,160521,,S2765,Crustaceans,override,Shrimps prepared
Mazzancolle shrimp,030617,,S2765,Crustaceans,override,Other shrimps
Mediterranean mussels,030731,,S2767,"Molluscs, Other",override,Live mussels
Melkbroodjes met chocola,190510,0111,S2511,Wheat,override,Crispbread
Meretrix lyrata,030771,,S2767,"Molluscs, Other",override,Live clams
Millet,100820,0118,S2517,Millet,override,
Millet (sorghum / jowar),100700,0114,S2518,Sorghum,override,
Millet couscous,190211,0111,S2511,Wheat,override,Couscous / vermicelli
Millet flour,110290,F1717,S2520,Cereals; primary,override,Other cereal flour proxy
Mineral feed,230990,,,,override,Mixed animal feed
Mineral water,220110,,,,override,Bottled water
Mini octopus,030751,,S2766,Cephalopods,override,Live octopus
Mini rice cakes,190490,F1717,S2520,Cereals; primary,override,Cereal bars
Molasses,170310,23540,,Molasses,override,
Molasses (feed),170310,23540,,Molasses,override,
Moules Bouchot,030731,,S2767,"Molluscs, Other",override,Live mussels
Muesli,190490,F1717,S2520,Cereals; primary,override,Cereal bars
Mussel (Mytilus galloprovincialis),030731,,S2767,"Molluscs, Other",override,Live mussels
Mussels,030731,,S2767,"Molluscs, Other",override,Live mussels
Mussels (MITILI),030731,,S2767,"Molluscs, Other",override,Live mussels
Mussels (Mytillus galloprovincialis),030731,,S2767,"Molluscs, Other",override,Live mussels
Mussels (Mytilus edulis),030731,,S2767,"Molluscs, Other",override,Live mussels
Mussels (Mytilus galloprovincialis),030731,,S2767,"Molluscs, Other",override,Live mussels
Mutter paneer,040690,,S2848,Milk - Excluding Butter,override,Cheese (Mutter paneer)
Nacho chips,190590,0111,S2511,Wheat,override,Other bakery
Natural low-mineral water,220110,,,,override,Bottled water
Natural spring water,220110,,,,override,Bottled water
North Sea crabs,030614,,S2765,Crustaceans,override,Crab
North Sea shrimps,030616,,S2765,Crustaceans,override,Cold-water shrimps
Nuts,080299,01371,S2912,Almonds; in shell,override,Other tree nuts proxy
Oat bars,190490,F1717,S2520,Cereals; primary,override,Cereal bars
Oat flakes,110430,0117,S2516,Oats,override,Oat flakes (rolled)
Oat flour,110290,F1717,S2520,Cereals; primary,override,Other cereal flour proxy
Oat fruit bars,190490,F1717,S2520,Cereals; primary,override,Cereal bars
Oat-flakes,110430,0117,S2516,Oats,override,Oat flakes (rolled)
Oats,100400,0117,S2516,Oats,override,
Octopus,030751,,S2766,Cephalopods,override,Live octopus
Octopus slices,030751,,S2766,Cephalopods,override,Live octopus
Ongepelde Noordzee garnalen,030616,,S2765,Crustaceans,override,Cold-water shrimps
Onion seeds,120929,,,,override,Onion seeds (sowing)
Onion soluble concentrate,200990,,,,override,Concentrated juices
Organic alfalfa,121400,,,,override,Alfalfa (forage)
Organic alfalfa meal pellets,121400,,,,override,Alfalfa (forage)
Organic amaranth,100890,01199.90,S2520,Cereals n.e.c.,override,Amaranth/other
Organic baby chocolate biscuits,190531,0111,S2511,Wheat,override,Cookies
Organic basmati rice brown,100620,0113,S2807,Rice,override,Husked rice
Organic black quinoa grains,100850,01199.90,S2520,Cereals n.e.c.,override,Quinoa proxy
Organic buckwheat,100810,01192,S2520,Buckwheat,override,
Organic buckwheat flour,110290,F1717,S2520,Cereals; primary,override,Other cereal flour proxy
Organic chickpea flour,110600,01703,,Chick peas,override,Chickpea flour proxy
Organic coconut flour,120119,,,,override,Coconut flour
Organic corn,100590,0112,S2514,Maize (corn),override,Other maize
Organic corn flakes,190410,F1717,S2520,Cereals; primary,override,Breakfast cereals
Organic corn flour,110220,0112,S2514,Maize (corn),override,Maize flour
Organic corn kernels,100590,0112,S2514,Maize (corn),override,Other maize
Organic corn wafers,190490,F1717,S2520,Cereals; primary,override,Cereal bars
Organic corn waffles,190530,0111,S2511,Wheat,override,Sweet biscuits
Organic einkorn flour,110100,0111,S2511,Wheat,override,Wheat flour proxy
Organic extruded rapeseed,120590,01441,S2570,Linseed,override,Note: legacy label says rapeseed; map to linseed/oilcrops other
Organic flaxseed meal,230500,,,,override,Mixed oilseed meals
Organic gluten-free crispy bread with quinoa,190510,0111,S2511,Wheat,override,Crispbread
Organic hulled buckwheat,100810,01192,S2520,Buckwheat,override,
Organic linseed,120510,01441,S2570,Linseed,override,Note: legacy label says flax but HS 1205 is rape; using linseed as FAOSTAT closest
Organic maize,100590,0112,S2514,Maize (corn),override,Other maize
Organic moringa powder,121190,,,,override,Herbal powders
Organic oats,100400,0117,S2516,Oats,override,
Organic popcorn maize,100590,0112,S2514,Maize (corn),override,Other maize
Organic quinoa,100850,01199.90,S2520,Cereals n.e.c.,override,Quinoa proxy
Organic rapeseed cake,230500,,,,override,Mixed oilseed meals
Organic rapeseed expeller,230500,,,,override,Mixed oilseed meals
Organic raw lemon ginger bar,190490,F1717,S2520,Cereals; primary,override,Cereal bars
Organic rice,100630,0113,S2807,Rice,override,Milled rice
Organic rice crackers,190532,0111,S2511,Wheat,override,Crackers
Organic rye flakes,110319,F1717,S2520,Cereals; primary,override,Other cereal groats
Organic rye flour,110290,F1717,S2520,Cereals; primary,override,Other cereal flour proxy
Organic sesame seeds,120740,01444,S2561,Sesame seed,override,
Organic soy expeller,230400,0141,S2555,Soya beans,override,Soybean cake
Organic soy flakes,120190,0141,S2555,Soya beans,override,
Organic soybean expeller,230400,0141,S2555,Soya beans,override,Soybean cake
Organic soyseed meal,230400,0141,S2555,Soya beans,override,Soybean cake
Organic spelt flour,110100,0111,S2511,Wheat,override,Wheat flour proxy
Organic teff flour,110290,F1717,S2520,Cereals; primary,override,Other cereal flour proxy
Organic wheat bran,230210,0111,S2511,Wheat,override,Wheat bran
Organic wheat flakes,110430,0117,S2516,Oats,override,Oat flakes (rolled)
Organic wheat flour,110100,0111,S2511,Wheat,override,Wheat flour proxy
Organic wheat grass,121190,,,,override,Herbal powders
Organic whole grain rice flour,110230,0113,S2807,Rice,override,Rice flour
Organic wholegrain biscuits (toddler),190531,0111,S2511,Wheat,override,Cookies
Organic wholemeal Khorasan flour,110100,0111,S2511,Wheat,override,Wheat flour proxy
ostriche,030711,,S2767,"Molluscs, Other",override,Live oysters
Ostriche,030711,,S2767,"Molluscs, Other",override,Live oysters
OSTRICHE VIVE,030711,,S2767,"Molluscs, Other",override,Live oysters
Overnight oats,190490,F1717,S2520,Cereals; primary,override,Cereal bars
Oysters,030711,,S2767,"Molluscs, Other",override,Live oysters
Oysters (Crassostrea gigas),030711,,S2767,"Molluscs, Other",override,Live oysters
Pacific oysters,030711,,S2767,"Molluscs, Other",override,Live oysters
Pacific white shrimps,030617,,S2765,Crustaceans,override,Other shrimps
Pakistan brown basmati rice,100620,0113,S2807,Rice,override,Husked rice
Pakistan brown rice,100620,0113,S2807,Rice,override,Husked rice
Pakistan rice,100630,0113,S2807,Rice,override,Milled rice
Pakistani super basmati brown rice (husked rice),100620,0113,S2807,Rice,override,Husked rice
Palm fatty acid distillate,382311,,,,override,Palm fatty acid (chemical)
Palm fatty acids,382311,,,,override,Palm fatty acid (chemical)
Palm kernel,120760,01491.02,S2562,Palm kernels,override,
Palmitic acid (feed),291570,,,,override,Calcium stearate (chemical)
Pancroccante with sesame and chia seeds,190590,0111,S2511,Wheat,override,Other bakery
Panicum millet,100820,0118,S2517,Millet,override,
PAP / feather meal,230120,,S2766,Cephalopods,override,Fish meal proxy
Parboiled rice,100630,0113,S2807,Rice,override,Milled rice
Pasta,190219,0111,S2511,Wheat,override,Pasta
Pasteurised tellines,030779,,S2767,"Molluscs, Other",override,Other aquatic invertebrates
Pastries,190590,0111,S2511,Wheat,override,Other bakery
Patagonian squid (Calamar Patagonico),030743,,S2766,Cephalopods,override,Frozen squid
Patty preparation,160100,,,,override,Sausages (mixed meat)
Peanut kernels,120242,0142,S2552,Groundnuts; excluding shelled,override,
Peanuts,120242,0142,S2552,Groundnuts; excluding shelled,override,
Peanuts (animal feed),120242,0142,S2552,Groundnuts; excluding shelled,override,
Peanuts (bird feed),120242,0142,S2552,Groundnuts; excluding shelled,override,
Peanuts (feed material),120242,0142,S2552,Groundnuts; excluding shelled,override,
Pearl barley,110313,0112,S2514,Maize (corn),override,Maize groats
Pearl millet flour,110290,F1717,S2520,Cereals; primary,override,Other cereal flour proxy
Peeled ground nuts (feed),120242,0142,S2552,Groundnuts; excluding shelled,override,
Peeled shrimp,030617,,S2765,Crustaceans,override,Other shrimps
Permeate powder,040490,,S2848,Milk - Excluding Butter,override,Dairy permeate
Pet food for cats,230910,,,,override,Pet food
Pet food for dogs,230910,,,,override,Pet food
Pig ears,050400,,,,override,Animal guts (treats for dogs)
Pine nuts,120799,,S2570,"Oilcrops, Other",override,"Heterogeneous (almond meal, pine nuts)"
Pizza dough,190590,0111,S2511,Wheat,override,Other bakery
Polenta,110313,0112,S2514,Maize (corn),override,Maize groats
Pollicipes pollicipes (goose barnacles),030699,,S2765,Crustaceans,override,Other crustaceans
Popcorn,190490,F1717,S2520,Cereals; primary,override,Cereal bars
Popcorn corn,100590,0112,S2514,Maize (corn),override,Other maize
Popcorn maize,100590,0112,S2514,Maize (corn),override,Other maize
Porcine blood plasma,350190,,,,override,Hemoglobin meal (animal protein)
Post-extraction soybean meal,230400,0141,S2555,Soya beans,override,Soybean cake
Potato fibres,230800,01341,,Apples,override,Apple pomace
Potato steam peel,230800,01341,,Apples,override,Apple pomace
Poultry meal,230120,,S2766,Cephalopods,override,Fish meal proxy
Praires (clams),030771,,S2767,"Molluscs, Other",override,Live clams
Prawns,030617,,S2765,Crustaceans,override,Other shrimps
Pre-cooked wheat,110312,0111,S2511,Wheat,override,Precooked wheat
Precooked pasta,190220,0111,S2511,Wheat,override,Stuffed pasta
Premixtures,230990,,,,override,Mixed animal feed
Premixtures (feed),230990,,,,override,Mixed animal feed
Processed animal proteins (poultry),230120,,S2766,Cephalopods,override,Fish meal proxy
Processed maize starch,110812,0112,S2514,Maize (corn),override,Maize starch
Psyllium fibres,121190,,,,override,Herbal powders
Psyllium husk,121190,,,,override,Herbal powders
Puffed rice,190490,F1717,S2520,Cereals; primary,override,Cereal bars
Puffed wheat,190490,F1717,S2520,Cereals; primary,override,Cereal bars
Purple corn meal,110220,0112,S2514,Maize (corn),override,Maize flour
Purple maize flour,110220,0112,S2514,Maize (corn),override,Maize flour
Quinoa,100850,01199.90,S2520,Cereals n.e.c.,override,Quinoa proxy
Rabbit feed,230990,,,,override,Mixed animal feed
Raisin buns,190510,0111,S2511,Wheat,override,Crispbread
Rape seed expeller,230500,,,,override,Mixed oilseed meals
Rapeseed,120590,01441,S2570,Linseed,override,Note: legacy label says rapeseed; map to linseed/oilcrops other
Rapeseed cake,230500,,,,override,Mixed oilseed meals
Rapeseed expeller,230500,,,,override,Mixed oilseed meals
Rapeseed extraction meal (feed),230500,,,,override,Mixed oilseed meals
Rapeseed meal,230500,,,,override,Mixed oilseed meals
Raw dog feed,230910,,,,override,Pet food
Raw pet food,230910,,,,override,Pet food
Raw shrimp,030617,,S2765,Crustaceans,override,Other shrimps
Raw shrimp tails,030617,,S2765,Crustaceans,override,Other shrimps
Raw shrimps,030617,,S2765,Crustaceans,override,Other shrimps
Raw waxy corn,100590,0112,S2514,Maize (corn),override,Other maize
Razor clams,030771,,S2767,"Molluscs, Other",override,Live clams
Ready dough for cookies,190110,,,,override,Heterogeneous baby food
Red long-grain rice,100630,0113,S2807,Rice,override,Milled rice
Red millet,100820,0118,S2517,Millet,override,
Red quinoa,100850,01199.90,S2520,Cereals n.e.c.,override,Quinoa proxy
Red raw rice,100620,0113,S2807,Rice,override,Husked rice
Red rice,100630,0113,S2807,Rice,override,Milled rice
Refined fish oil,150420,,S2782,"Fish, Liver Oil",override,Fish oil
Refrigerated prawns,030613,,S2765,Crustaceans,override,Crayfish
Rice,100630,0113,S2807,Rice,override,Milled rice
Rice (baby food),190110,,,,override,Heterogeneous baby food
Rice (white basmati),100630,0113,S2807,Rice,override,Milled rice
Rice bran,230240,0113,S2807,Rice,override,Rice bran
Rice cakes,190490,F1717,S2520,Cereals; primary,override,Cereal bars
Rice cakes for infants and young children,190110,,,,override,Heterogeneous baby food
Rice crackers,190532,0111,S2511,Wheat,override,Crackers
Rice crackers (infant food),190110,,,,override,Heterogeneous baby food
Rice flour,110230,0113,S2807,Rice,override,Rice flour
Rice flour (Italy),110230,0113,S2807,Rice,override,Rice flour
Rice powder,110230,0113,S2807,Rice,override,Rice flour
Rice protein,210690,,,,override,Heterogeneous food supplements
Rice protein isolate,210690,,,,override,Heterogeneous food supplements
Rice wafers,190490,F1717,S2520,Cereals; primary,override,Cereal bars
Risotto rice,100630,0113,S2807,Rice,override,Milled rice
Roasted corn snack,190490,F1717,S2520,Cereals; primary,override,Cereal bars
Roasted rice flour,110230,0113,S2807,Rice,override,Rice flour
Roasted vermicelli,190211,0111,S2511,Wheat,override,Couscous / vermicelli
Roasted wheat (freekeh),110312,0111,S2511,Wheat,override,Precooked wheat
Roasted white rice flour,110230,0113,S2807,Rice,override,Rice flour
Rope mussels,030731,,S2767,"Molluscs, Other",override,Live mussels
Rye,100200,0116,S2515,Rye,override,
Rye flakes,110319,F1717,S2520,Cereals; primary,override,Other cereal groats
Rye flour,110290,F1717,S2520,Cereals; primary,override,Other cereal flour proxy
Salmon meal,230120,,S2766,Cephalopods,override,Fish meal proxy
Saltwater clam (Venus gallina),030771,,S2767,"Molluscs, Other",override,Live clams
Sardines,030249,,S2763,Pelagic Fish,override,Sardines
Scallop shell,050800,,,,override,Coral / shells - non-food
Scallop shells,050800,,,,override,Coral / shells - non-food
Scallops,030721,,S2767,"Molluscs, Other",override,Live scallops
Sea almonds (Glycymeris glycymeris),030791,,S2767,"Molluscs, Other",override,Live snails (marine)
Seaweed meal,121221,,,,override,Seaweed meal
Sepia (cuttlefish),030741,,S2766,Cephalopods,override,Live/fresh squid
Sepia pharaonis,030741,,S2766,Cephalopods,override,Live/fresh squid
Seppie indopacifiche,030743,,S2766,Cephalopods,override,Frozen squid
Seppie Indopacifiche pulite congelate IQF,030743,,S2766,Cephalopods,override,Frozen squid
Sesame,120740,01444,S2561,Sesame seed,override,
Sesame paste,200819,01444,S2561,Sesame seed,override,Sesame paste
Sesame puree,200819,01444,S2561,Sesame seed,override,Sesame paste
Sesame seeds,120740,01444,S2561,Sesame seed,override,
Sesame seeds in bakery products,190590,0111,S2511,Wheat,override,Other bakery
Sesamo crackers,190532,0111,S2511,Wheat,override,Crackers
Sesamum seeds,120740,01444,S2561,Sesame seed,override,
Shelled cooked frozen clams,030772,,S2767,"Molluscs, Other",override,Frozen/preserved clams
Shelled oysters,030712,,S2767,"Molluscs, Other",override,Frozen/preserved oysters
Shelled peanuts for feed,120242,0142,S2552,Groundnuts; excluding shelled,override,
Shelled shrimps,030617,,S2765,Crustaceans,override,Other shrimps
Shellfish,030699,,S2765,Crustaceans,override,Other crustaceans
Shellfish (mollusc),030799,,S2767,"Molluscs, Other",override,Mixed seafood
Shortfin squid (Illex illecebrosus),030741,,S2766,Cephalopods,override,Live/fresh squid
Shrimp,030617,,S2765,Crustaceans,override,Other shrimps
Shrimp carpaccio,160521,,S2765,Crustaceans,override,Shrimps prepared
Shrimp powder,030519,,S2765,Crustaceans,override,Shrimp powder
Shrimp ravioli,190220,0111,S2511,Wheat,override,Stuffed pasta
Shrimp skewers,160521,,S2765,Crustaceans,override,Shrimps prepared
Shrimps,030617,,S2765,Crustaceans,override,Other shrimps
Shrimps (Penaeus monodon),030617,,S2765,Crustaceans,override,Other shrimps
Shrimps (Penaeus spp.),030617,,S2765,Crustaceans,override,Other shrimps
Shrimps (Penaeus vannamei),030617,,S2765,Crustaceans,override,Other shrimps
Small spelt bread,190510,0111,S2511,Wheat,override,Crispbread
Smoked shrimps,030539,,S2765,Crustaceans,override,Dried/smoked shrimps
Smooth clam (Callista chione),030771,,S2767,"Molluscs, Other",override,Live clams
Snack product,190590,0111,S2511,Wheat,override,Other bakery
Sorghum,100700,0114,S2518,Sorghum,override,
Sorghum flour,110290,F1717,S2520,Cereals; primary,override,Other cereal flour proxy
Sourdough powder,210210,,,,override,Yeast (microbial)
Soy cake pellet,230400,0141,S2555,Soya beans,override,Soybean cake
Soy hulls,230400,0141,S2555,Soya beans,override,Soybean cake
Soya bean meal (GMO),230400,0141,S2555,Soya beans,override,Soybean cake
Soya beans,120190,0141,S2555,Soya beans,override,
Soya product,230400,0141,S2555,Soya beans,override,Soybean cake
Soybean cake,230400,0141,S2555,Soya beans,override,Soybean cake
Soybean extraction meal,230400,0141,S2555,Soya beans,override,Soybean cake
Soybean flour,120810,0141,S2555,Soya beans,override,Soya flour
Soybean meal,230400,0141,S2555,Soya beans,override,Soybean cake
Soybean meal (feed),230400,0141,S2555,Soya beans,override,Soybean cake
Soybean oil (feed material),151290,2161,S2571,Soya bean oil,override,
Spelt,100190,0111,S2511,Wheat,override,Spelt / other wheat
Spelt flour,110100,0111,S2511,Wheat,override,Wheat flour proxy
Spelt porridge,190490,F1717,S2520,Cereals; primary,override,Cereal bars
Spelt wheat,100190,0111,S2511,Wheat,override,Spelt / other wheat
Spiny dye-murex (Bolinus brandaris),030791,,S2767,"Molluscs, Other",override,Live snails (marine)
Split red lentils,071340,01704,,Lentils; dry,override,
Spring water,220110,,,,override,Bottled water
Squid,030741,,S2766,Cephalopods,override,Live/fresh squid
Squid (Ilex argentinus),030741,,S2766,Cephalopods,override,Live/fresh squid
Squid (Loligo duvauceli),030741,,S2766,Cephalopods,override,Live/fresh squid
Squids,030741,,S2766,Cephalopods,override,Live/fresh squid
St. Jacques scallops,030721,,S2767,"Molluscs, Other",override,Live scallops
Sticks for cats,230910,,,,override,Pet food
Strawberry cake,190590,0111,S2511,Wheat,override,Other bakery
Strawberry cream cookies,190531,0111,S2511,Wheat,override,Cookies
Sun cake expeller,230500,,,,override,Mixed oilseed meals
Sunflower cake,230500,,,,override,Mixed oilseed meals
Sunflower cake (feed),230500,,,,override,Mixed oilseed meals
Sunflower kernels,120600,01445,S2557,Sunflower seed,override,
Sunflower meal,230500,,,,override,Mixed oilseed meals
Sunflower pellets (feed),230500,,,,override,Mixed oilseed meals
Sunflower seed cake,230500,,,,override,Mixed oilseed meals
Sunflower seed cakes,230500,,,,override,Mixed oilseed meals
Sunflower seed meal,230500,,,,override,Mixed oilseed meals
Sunflower seed meal (feed),230500,,,,override,Mixed oilseed meals
Sunflower seeds,120600,01445,S2557,Sunflower seed,override,
Super basmati brown rice,100620,0113,S2807,Rice,override,Husked rice
Super basmati brown rice (husked rice),100620,0113,S2807,Rice,override,Husked rice
Super kernel basmati brown rice,100620,0113,S2807,Rice,override,Husked rice
Supplementary feed for dairy cows,230990,,,,override,Mixed animal feed
Supplementary feed for dogs,230910,,,,override,Pet food
Supplementary feed for dogs and cats,230910,,,,override,Pet food
Teff,100859,01199.90,S2520,Cereals n.e.c.,override,Teff/fonio proxy
Teff flour,110290,F1717,S2520,Cereals; primary,override,Other cereal flour proxy
Tellin,030771,,S2767,"Molluscs, Other",override,Live clams
Tellins,030771,,S2767,"Molluscs, Other",override,Live clams
Thawed squids (Illex argentinus),030743,,S2766,Cephalopods,override,Frozen squid
Thin-shell clams,030771,,S2767,"Molluscs, Other",override,Live clams
Tiger nut flakes,121190,,,,override,Herbal powders
Toasted soy beans,120190,0141,S2555,Soya beans,override,
Toasted soy flour,120810,0141,S2555,Soya beans,override,Soya flour
Triticale,100880,0111,S2511,Wheat,override,Triticale (wheat-rye hybrid) proxy
Unprocessed durum wheat grains,100110,0111,S2511,Wheat,override,Durum wheat
Vannamei shrimp,030617,,S2765,Crustaceans,override,Other shrimps
Vannamei shrimps,030617,,S2765,Crustaceans,override,Other shrimps
Venus clams (Venus verrucosa),030771,,S2767,"Molluscs, Other",override,Live clams
Vongole (clams),030771,,S2767,"Molluscs, Other",override,Live clams
Vongole (Venus gallina),030771,,S2767,"Molluscs, Other",override,Live clams
Vongole / clams (Ruditapes philippinarum),030771,,S2767,"Molluscs, Other",override,Live clams
Vongole / lupini (clams),030771,,S2767,"Molluscs, Other",override,Live clams
Waffles,190530,0111,S2511,Wheat,override,Sweet biscuits
Warty venus clams,030771,,S2767,"Molluscs, Other",override,Live clams
Water for babies,220110,,,,override,Bottled water
Wheat,100190,0111,S2511,Wheat,override,Spelt / other wheat
Wheat (animal feed),100190,0111,S2511,Wheat,override,Spelt / other wheat
Wheat bran,230210,0111,S2511,Wheat,override,Wheat bran
Wheat co-products (feed),230210,0111,S2511,Wheat,override,Wheat bran
Wheat flour,110100,0111,S2511,Wheat,override,Wheat flour proxy
Wheat flour (T65),110100,0111,S2511,Wheat,override,Wheat flour proxy
Wheat gluten,110900,0111,S2511,Wheat,override,Wheat gluten
Wheat grain,100190,0111,S2511,Wheat,override,Spelt / other wheat
Wheat pancakes,190590,0111,S2511,Wheat,override,Other bakery
Wheat products (gluten),110900,0111,S2511,Wheat,override,Wheat gluten
Whelk (Buccinum undatum),030791,,S2767,"Molluscs, Other",override,Live snails (marine)
White and yellow corn flour,110220,0112,S2514,Maize (corn),override,Maize flour
White cornmeal,110313,0112,S2514,Maize (corn),override,Maize groats
White maize flour,110220,0112,S2514,Maize (corn),override,Maize flour
White organic quinoa,100850,01199.90,S2520,Cereals n.e.c.,override,Quinoa proxy
White rice,100630,0113,S2807,Rice,override,Milled rice
White Sesame seeds,120740,01444,S2561,Sesame seed,override,
White sunflower seeds,120600,01445,S2557,Sunflower seed,override,
White tiger prawns,030617,,S2765,Crustaceans,override,Other shrimps
Whole cooked shrimps,160521,,S2765,Crustaceans,override,Shrimps prepared
Whole grain corn cakes,190490,F1717,S2520,Cereals; primary,override,Cereal bars
Whole grain pasta,190219,0111,S2511,Wheat,override,Pasta
Whole grain rye pasta,190219,0111,S2511,Wheat,override,Pasta
Whole grain teff flour,110290,F1717,S2520,Cereals; primary,override,Other cereal flour proxy
Whole raw prawns,030617,,S2765,Crustaceans,override,Other shrimps
Whole wheat crackers,190532,0111,S2511,Wheat,override,Crackers
Whole wheat flour,110100,0111,S2511,Wheat,override,Wheat flour proxy
Whole-grain rice,100620,0113,S2807,Rice,override,Husked rice
Wholemeal rye flour,110290,F1717,S2520,Cereals; primary,override,Other cereal flour proxy
Wholemeal spelt pasta,190219,0111,S2511,Wheat,override,Pasta
Wild boar meal,230110,,,,override,Animal meal (pet food)
Wildlife feed peanuts,120242,0142,S2552,Groundnuts; excluding shelled,override,
Wrap Sweet Chili,190590,0111,S2511,Wheat,override,Other bakery
Xanthan gum,130239,,,,override,Plant extracts (heterogeneous)
Yellow corn flour,110220,0112,S2514,Maize (corn),override,Maize flour
Yellow millet,100820,0118,S2517,Millet,override,
